-109.9409,46.95795,Ackley Lake State Park,"989 Ackley Lake Rd., Hobson MT",,,,"{name:""",Ackley Lake State Park,""", lat:Ê",46.95795,",",lon:,-109.9409,"},","{name:""Ackley Lake State Park"", lat:Ê46.95795,lon:-109.9409},"
-112.93143,46.12319,Anaconda Smelter Stack State Park,"100 Smelter Road,Anaconda MT",,,,"{name:""",Anaconda Smelter Stack State Park,""", lat:Ê",46.12319,",",lon:,-112.93143,"},","{name:""Anaconda Smelter Stack State Park"", lat:Ê46.12319,lon:-112.93143},"
-112.99868,45.16212,Bannack State Park,"721 Bannack Rd, Dillan MT",,,,"{name:""",Bannack State Park,""", lat:Ê",45.16212,",",lon:,-112.99868,"},","{name:""Bannack State Park"", lat:Ê45.16212,lon:-112.99868},"
-112.4609,45.38333,Beaverhead Rock State Park,"62 Beaverhead Rock Road, Twin Bridges MT",,,,"{name:""",Beaverhead Rock State Park,""", lat:Ê",45.38333,",",lon:,-112.4609,"},","{name:""Beaverhead Rock State Park"", lat:Ê45.38333,lon:-112.4609},"
-113.57628,46.72047,Beavertail Hill State Park,"29895 Bonita Station Road, Clinton MT",,,,"{name:""",Beavertail Hill State Park,""", lat:Ê",46.72047,",",lon:,-113.57628,"},","{name:""Beavertail Hill State Park"", lat:Ê46.72047,lon:-113.57628},"
-114.31339,47.80534,Big Arm State Park,"28031 Big Arm State Park Road, Big Arm MT",,,,"{name:""",Big Arm State Park,""", lat:Ê",47.80534,",",lon:,-114.31339,"},","{name:""Big Arm State Park"", lat:Ê47.80534,lon:-114.31339},"
-111.88621,46.74553,Black Sandy State Park,"6563 Hauser Dam Road, Helena MT",,,,"{name:""",Black Sandy State Park,""", lat:Ê",46.74553,",",lon:,-111.88621,"},","{name:""Black Sandy State Park"", lat:Ê46.74553,lon:-111.88621},"
-104.113,48.603,Brush Lake State Park,"1733 Brush Lake Rd., Dagmar MT",,,,"{name:""",Brush Lake State Park,""", lat:Ê",48.603,",",lon:,-104.113,"},","{name:""Brush Lake State Park"", lat:Ê48.603,lon:-104.113},"
-108.549,45.427,Chief Plenty Coups State Park,"1 Edgar/Pryor Road, Pryor MT",,,,"{name:""",Chief Plenty Coups State Park,""", lat:Ê",45.427,",",lon:,-108.549,"},","{name:""Chief Plenty Coups State Park"", lat:Ê45.427,lon:-108.549},"
-112.634,45.235,Clark's Lookout State Park,"25 Clark's Lookout Road, Dillon MT",,,,"{name:""",Clark's Lookout State Park,""", lat:Ê",45.235,",",lon:,-112.634,"},","{name:""Clark's Lookout State Park"", lat:Ê45.235,lon:-112.634},"
-109.205,45.442,Cooney State Park,"86 Lake Shore Road, Roberts MT",,,,"{name:""",Cooney State Park,""", lat:Ê",45.442,",",lon:,-109.205,"},","{name:""Cooney State Park"", lat:Ê45.442,lon:-109.205},"
-114.15477,46.91302,Council Grove State Park,"11249 Mullan Road, Missoula MT",,,,"{name:""",Council Grove State Park,""", lat:Ê",46.91302,",",lon:,-114.15477,"},","{name:""Council Grove State Park"", lat:Ê46.91302,lon:-114.15477},"
-111.94619,46.27514,Elkhorn State Park,"812 Elkhorn St, Elkhorn MT",,,,"{name:""",Elkhorn State Park,""", lat:Ê",46.27514,",",lon:,-111.94619,"},","{name:""Elkhorn State Park"", lat:Ê46.27514,lon:-111.94619},"
-114.08237,47.75536,Finley Point State Park,"31453 S. Finley Point Rd., Finley Point MT",,,,"{name:""",Finley Point State Park,""", lat:Ê",47.75536,",",lon:,-114.08237,"},","{name:""Finley Point State Park"", lat:Ê47.75536,lon:-114.08237},"
-111.525,47.479,First Peoples Buffalo Jump State Park,"342 Ulm -Vaughn Rd., Ulm MT",,,,"{name:""",First Peoples Buffalo Jump State Park,""", lat:Ê",47.479,",",lon:,-111.525,"},","{name:""First Peoples Buffalo Jump State Park"", lat:Ê47.479,lon:-111.525},"
-114.716,46.99,Fish Creek State Park,"851 Rivulet Road, Alberton MT",,,,"{name:""",Fish Creek State Park,""", lat:Ê",46.99,",",lon:,-114.716,"},","{name:""Fish Creek State Park"", lat:Ê46.99,lon:-114.716},"
-114.09705,46.51948,Fort Owen State Park,"00 Stevensville Cutoff Rd. E., Stevensville MT",,,,"{name:""",Fort Owen State Park,""", lat:Ê",46.51948,",",lon:,-114.09705,"},","{name:""Fort Owen State Park"", lat:Ê46.51948,lon:-114.09705},"
-114.25776,47.02443,Frenchtown Pond State Park,"18401 Frenchtown Frontage Road, Frenchtown MT",,,,"{name:""",Frenchtown Pond State Park,""", lat:Ê",47.02443,",",lon:,-114.25776,"},","{name:""Frenchtown Pond State Park"", lat:Ê47.02443,lon:-114.25776},"
-111.227,47.534,Giant Springs State Park,"4803 Giant Springs Rd., Great Falls MT",,,,"{name:""",Giant Springs State Park,""", lat:Ê",47.534,",",lon:,-111.227,"},","{name:""Giant Springs State Park"", lat:Ê47.534,lon:-111.227},"
-113.24644,46.31689,Granite Ghost Town State Park,"347 Granite Road, Philipsburg MT",,,,"{name:""",Granite Ghost Town State Park,""", lat:Ê",46.31689,",",lon:,-113.24644,"},","{name:""Granite Ghost Town State Park"", lat:Ê46.31689,lon:-113.24644},"
-109.789629,45.761604,Greycliff Prairie Dog Town State Park,"Old US Hwy 10, Greycliff MT",,,,"{name:""",Greycliff Prairie Dog Town State Park,""", lat:Ê",45.761604,",",lon:,-109.789629,"},","{name:""Greycliff Prairie Dog Town State Park"", lat:Ê45.761604,lon:-109.789629},"
-106.886,47.615,Hell Creek State Park,"2456 Hell Creek Road, Jordan MT",,,,"{name:""",Hell Creek State Park,""", lat:Ê",47.615,",",lon:,-106.886,"},","{name:""Hell Creek State Park"", lat:Ê47.615,lon:-106.886},"
-108.477,45.839,Lake Elmo State Park,"2300 Lake Elmo Drive, Billings MT",,,,"{name:""",Lake Elmo State Park,""", lat:Ê",45.839,",",lon:,-108.477,"},","{name:""Lake Elmo State Park"", lat:Ê45.839,lon:-108.477},"
-114.38229,47.92738,Lake Mary Ronan State Park,"50623 L.M.R. Rd., Dayton MT",,,,"{name:""",Lake Mary Ronan State Park,""", lat:Ê",47.92738,",",lon:,-114.38229,"},","{name:""Lake Mary Ronan State Park"", lat:Ê47.92738,lon:-114.38229},"
-114.37171,48.45894,Les Mason State Park,"2650 E. Lake Shore Dr., Whitefish MT",,,,"{name:""",Les Mason State Park,""", lat:Ê",48.45894,",",lon:,-114.37171,"},","{name:""Les Mason State Park"", lat:Ê48.45894,lon:-114.37171},"
-111.85082,45.82289,Lewis and Clark Caverns State Park,"25 Lewis and Clark Caverns Road, Whitehall MT",,,,"{name:""",Lewis and Clark Caverns State Park,""", lat:Ê",45.82289,",",lon:,-111.85082,"},","{name:""Lewis and Clark Caverns State Park"", lat:Ê45.82289,lon:-111.85082},"
-115.06627,48.03302,Logan State Park,"77518 US HWY 2, Libby MT",,,,"{name:""",Logan State Park,""", lat:Ê",48.03302,",",lon:,-115.06627,"},","{name:""Logan State Park"", lat:Ê48.03302,lon:-115.06627},"
-114.33754,48.17404,Lone Pine State Park,"300 Lone Pine Rd., Kalispell MT",,,,"{name:""",Lone Pine State Park,""", lat:Ê",48.17404,",",lon:,-114.33754,"},","{name:""Lone Pine State Park"", lat:Ê48.17404,lon:-114.33754},"
-112.98247,46.19778,Lost Creek State Park,"5750 Lost Creek Road, Anaconda MT",,,,"{name:""",Lost Creek State Park,""", lat:Ê",46.19778,",",lon:,-112.98247,"},","{name:""Lost Creek State Park"", lat:Ê46.19778,lon:-112.98247},"
-111.47197,45.79431,Madison Buffalo Jump State Park,"6990 Buffalo Jump Road, Three Forks MT",,,,"{name:""",Madison Buffalo Jump State Park,""", lat:Ê",45.79431,",",lon:,-111.47197,"},","{name:""Madison Buffalo Jump State Park"", lat:Ê45.79431,lon:-111.47197},"
-104.70633,47.08972,Makoshika State Park,"1301 Snyder Avenue, Glendive MT",,,,"{name:""",Makoshika State Park,""", lat:Ê",47.08972,",",lon:,-104.70633,"},","{name:""Makoshika State Park"", lat:Ê47.08972,lon:-104.70633},"
-104.45839,46.0455,Medicine Rocks State Park,"1411 Hwy 7, Ekalaka MT",,,,"{name:""",Medicine Rocks State Park,""", lat:Ê",46.0455,",",lon:,-104.45839,"},","{name:""Medicine Rocks State Park"", lat:Ê46.0455,lon:-104.45839},"
-111.49989,45.92013,Missouri Headwaters State Park,"1585 Trident Road, Three Forks MT",,,,"{name:""",Missouri Headwaters State Park,""", lat:Ê",45.92013,",",lon:,-111.49989,"},","{name:""Missouri Headwaters State Park"", lat:Ê45.92013,lon:-111.49989},"
-114.301,45.68128,Painted Rocks State Park,"8809 West Fork Road, Darby MT",,,,"{name:""",Painted Rocks State Park,""", lat:Ê",45.68128,",",lon:,-114.301,"},","{name:""Painted Rocks State Park"", lat:Ê45.68128,lon:-114.301},"
-108.433,45.738,Pictograph Cave State Park,"3401 Coburn Road, Billings MT",,,,"{name:""",Pictograph Cave State Park,""", lat:Ê",45.738,",",lon:,-108.433,"},","{name:""Pictograph Cave State Park"", lat:Ê45.738,lon:-108.433},"
-105.82253,46.44181,Pirogue Island State Park,in Yellowstone River,,,,"{name:""",Pirogue Island State Park,""", lat:Ê",46.44181,",",lon:,-105.82253,"},","{name:""Pirogue Island State Park"", lat:Ê46.44181,lon:-105.82253},"
-113.50335,47.11929,Placid Lake State Park,"5001 N. Placid Lake Road, Seeley Lake MT",,,,"{name:""",Placid Lake State Park,""", lat:Ê",47.11929,",",lon:,-113.50335,"},","{name:""Placid Lake State Park"", lat:Ê47.11929,lon:-113.50335},"
-106.97829,45.21944,Rosebud Battlefield State Park,"HC 42, Box 642, Busby MT",,,,"{name:""",Rosebud Battlefield State Park,""", lat:Ê",45.21944,",",lon:,-106.97829,"},","{name:""Rosebud Battlefield State Park"", lat:Ê45.21944,lon:-106.97829},"
-113.39791,47.09442,Salmon Lake State Park,"2329 Hwy. 83 N., Seeley Lake MT",,,,"{name:""",Salmon Lake State Park,""", lat:Ê",47.09442,",",lon:,-113.39791,"},","{name:""Salmon Lake State Park"", lat:Ê47.09442,lon:-113.39791},"
-110.935,47.212,Sluice Boxes State Park,"38 Evans Riceville Rd.,Belt MT",,,,"{name:""",Sluice Boxes State Park,""", lat:Ê",47.212,",",lon:,-110.935,"},","{name:""Sluice Boxes State Park"", lat:Ê47.212,lon:-110.935},"
-111.182,46.803,Smith River State Park,"791 Clear Range Road, White Sulphur Springs MT",,,,"{name:""",Smith River State Park,""", lat:Ê",46.803,",",lon:,-111.182,"},","{name:""Smith River State Park"", lat:Ê46.803,lon:-111.182},"
-112.07574,46.61224,Spring Meadow Lake State Park,"2715 Country Club Drive, Helena MT",,,,"{name:""",Spring Meadow Lake State Park,""", lat:Ê",46.61224,",",lon:,-112.07574,"},","{name:""Spring Meadow Lake State Park"", lat:Ê46.61224,lon:-112.07574},"
-115.38676,47.61625,Thompson Falls State Park,2220 Blue Slide Rd. Thompson Falls MT,,,,"{name:""",Thompson Falls State Park,""", lat:Ê",47.61625,",",lon:,-115.38676,"},","{name:""Thompson Falls State Park"", lat:Ê47.61625,lon:-115.38676},"
-106.79453,45.09975,Tongue River Reservoir State Park,"290 Campers Point, Decker MT",,,,"{name:""",Tongue River Reservoir State Park,""", lat:Ê",45.09975,",",lon:,-106.79453,"},","{name:""Tongue River Reservoir State Park"", lat:Ê45.09975,lon:-106.79453},"
-111.81,47.189,Tower Rock State Park,"2325 Old US Highway 91, Cascade MT",,,,"{name:""",Tower Rock State Park,""", lat:Ê",47.189,",",lon:,-111.81,"},","{name:""Tower Rock State Park"", lat:Ê47.189,lon:-111.81},"
-114.09007,46.75306,Travelers' Rest State Park,"6717 Highway 12 W., Lolo MT",,,,"{name:""",Travelers' Rest State Park,""", lat:Ê",46.75306,",",lon:,-114.09007,"},","{name:""Travelers' Rest State Park"", lat:Ê46.75306,lon:-114.09007},"
-114.07543,48.0548,Wayfarers State Park,"8600 Mt. Hwy 35, Bigfork MT",,,,"{name:""",Wayfarers State Park,""", lat:Ê",48.0548,",",lon:,-114.07543,"},","{name:""Wayfarers State Park"", lat:Ê48.0548,lon:-114.07543},"
-114.1884523,47.949392,West Shore State Park,"17768 MT Hwy 93, Lakeside MT",,,,"{name:""",West Shore State Park,""", lat:Ê",47.949392,",",lon:,-114.1884523,"},","{name:""West Shore State Park"", lat:Ê47.949392,lon:-114.1884523},"
-114.37067,48.42381,Whitefish Lake State Park,"1615 W. Lakeshore, Whitefish MT",,,,"{name:""",Whitefish Lake State Park,""", lat:Ê",48.42381,",",lon:,-114.37067,"},","{name:""Whitefish Lake State Park"", lat:Ê48.42381,lon:-114.37067},"
-114.23458,47.84715,Wild Horse Island State Park,Flathead Lake near Big Arm MT,,,,"{name:""",Wild Horse Island State Park,""", lat:Ê",47.84715,",",lon:,-114.23458,"},","{name:""Wild Horse Island State Park"", lat:Ê47.84715,lon:-114.23458},"
-114.02854,47.87643,Yellow Bay State Park,"23861 Mt HWY 35, Bigfork MT",,,,"{name:""",Yellow Bay State Park,""", lat:Ê",47.87643,",",lon:,-114.02854,"},","{name:""Yellow Bay State Park"", lat:Ê47.87643,lon:-114.02854},"