-109.9409,46.95795,Ackley Lake State Park,"989 Ackley Lake Rd., Hobson MT"
-112.93143,46.12319,Anaconda Smelter Stack State Park,"100 Smelter Road,Anaconda MT"
-112.99868,45.16212,Bannack State Park,"721 Bannack Rd, Dillan MT"
-112.4609,45.38333,Beaverhead Rock State Park,"62 Beaverhead Rock Road, Twin Bridges MT"
-113.57628,46.72047,Beavertail Hill State Park,"29895 Bonita Station Road, Clinton MT"
-114.31339,47.80534,Big Arm State Park,"28031 Big Arm State Park Road, Big Arm MT"
-111.88621,46.74553,Black Sandy State Park,"6563 Hauser Dam Road, Helena MT"
-104.113,48.603,Brush Lake State Park,"1733 Brush Lake Rd., Dagmar MT"
-108.549,45.427,Chief Plenty Coups State Park,"1 Edgar/Pryor Road, Pryor MT"
-112.634,45.235,Clark's Lookout State Park,"25 Clark's Lookout Road, Dillon MT"
-109.205,45.442,Cooney State Park,"86 Lake Shore Road, Roberts MT"
-114.15477,46.91302,Council Grove State Park,"11249 Mullan Road, Missoula MT"
-111.94619,46.27514,Elkhorn State Park,"812 Elkhorn St, Elkhorn MT"
-114.08237,47.75536,Finley Point State Park,"31453 S. Finley Point Rd., Finley Point MT"
-111.525,47.479,First Peoples Buffalo Jump State Park,"342 Ulm -Vaughn Rd., Ulm MT"
-114.716,46.99,Fish Creek State Park,"851 Rivulet Road, Alberton MT"
-114.09705,46.51948,Fort Owen State Park,"00 Stevensville Cutoff Rd. E., Stevensville MT"
-114.25776,47.02443,Frenchtown Pond State Park,"18401 Frenchtown Frontage Road, Frenchtown MT"
-111.227,47.534,Giant Springs State Park,"4803 Giant Springs Rd., Great Falls MT"
-113.24644,46.31689,Granite Ghost Town State Park,"347 Granite Road, Philipsburg MT"
-109.789629,45.761604,Greycliff Prairie Dog Town State Park,"Old US Hwy 10, Greycliff MT"
-106.886,47.615,Hell Creek State Park,"2456 Hell Creek Road, Jordan MT"
-108.477,45.839,Lake Elmo State Park,"2300 Lake Elmo Drive, Billings MT"
-114.38229,47.92738,Lake Mary Ronan State Park,"50623 L.M.R. Rd., Dayton MT"
-114.37171,48.45894,Les Mason State Park,"2650 E. Lake Shore Dr., Whitefish MT"
-111.85082,45.82289,Lewis and Clark Caverns State Park,"25 Lewis and Clark Caverns Road, Whitehall MT"
-115.06627,48.03302,Logan State Park,"77518 US HWY 2, Libby MT"
-114.33754,48.17404,Lone Pine State Park,"300 Lone Pine Rd., Kalispell MT"
-112.98247,46.19778,Lost Creek State Park,"5750 Lost Creek Road, Anaconda MT"
-111.47197,45.79431,Madison Buffalo Jump State Park,"6990 Buffalo Jump Road, Three Forks MT"
-104.70633,47.08972,Makoshika State Park,"1301 Snyder Avenue, Glendive MT"
-104.45839,46.0455,Medicine Rocks State Park,"1411 Hwy 7, Ekalaka MT"
-111.49989,45.92013,Missouri Headwaters State Park,"1585 Trident Road, Three Forks MT"
-114.301,45.68128,Painted Rocks State Park,"8809 West Fork Road, Darby MT"
-108.433,45.738,Pictograph Cave State Park,"3401 Coburn Road, Billings MT"
-105.82253,46.44181,Pirogue Island State Park,in Yellowstone River
-113.50335,47.11929,Placid Lake State Park,"5001 N. Placid Lake Road, Seeley Lake MT"
-106.97829,45.21944,Rosebud Battlefield State Park,"HC 42, Box 642, Busby MT"
-113.39791,47.09442,Salmon Lake State Park,"2329 Hwy. 83 N., Seeley Lake MT"
-110.935,47.212,Sluice Boxes State Park,"38 Evans Riceville Rd.,Belt MT"
-111.182,46.803,Smith River State Park,"791 Clear Range Road, White Sulphur Springs MT"
-112.07574,46.61224,Spring Meadow Lake State Park,"2715 Country Club Drive, Helena MT"
-115.38676,47.61625,Thompson Falls State Park,2220 Blue Slide Rd. Thompson Falls MT
-106.79453,45.09975,Tongue River Reservoir State Park,"290 Campers Point, Decker MT"
-111.81,47.189,Tower Rock State Park,"2325 Old US Highway 91, Cascade MT"
-114.09007,46.75306,Travelers' Rest State Park,"6717 Highway 12 W., Lolo MT"
-114.07543,48.0548,Wayfarers State Park,"8600 Mt. Hwy 35, Bigfork MT"
-114.1884523,47.949392,West Shore State Park,"17768 MT Hwy 93, Lakeside MT"
-114.37067,48.42381,Whitefish Lake State Park,"1615 W. Lakeshore, Whitefish MT"
-114.23458,47.84715,Wild Horse Island State Park,Flathead Lake near Big Arm MT
-114.02854,47.87643,Yellow Bay State Park,"23861 Mt HWY 35, Bigfork MT"
